Item Code,Product Name,Price,URL
287742,"Probiotic Gummies, Men's & Women's Probiotic Supplement Assorted Fruit",$21.99,https://www.walgreens.com/store/c/schiff-digestive-advantage-probiotic-gummies-assorted-fruit/ID=prod6190344-product
985080,500mg Extra Strength Omega-3 Krill Oil Supplement Softgels,$45.99,https://www.walgreens.com/store/c/schiff-megared-omega-3-krill-oil-500-mg-softgels-extra-strength/ID=prod6358200-product
984901,"350mg Superior Omega-3s Krill Oil, EPA & DHA, Antioxidant Astaxanthin Softgels",$44.99,https://www.walgreens.com/store/c/schiff-megared-omega-3-krill-oil-350-mg-softgels/ID=prod6358195-product
428141,"Ultra Triple Action Joint Support With Type II Collagen, Boron and HA",$29.99,https://www.walgreens.com/store/c/schiff-move-free-ultra-triple-action-tablets/ID=prod6091520-product
807090,"Joint Health Advanced + MSM with Glucosamine Chondroitin, Tablets",$29.99,"https://www.walgreens.com/store/c/schiff-move-free-bone-%26-joint-supplement,-with-glucosamine-chondroitin---msm,-tablets/ID=prod3946814-product"
807034,"Advanced Joint Health MSM + Vitamin D3 with Glucosamine Chondroitin, Tablets",$29.99,https://www.walgreens.com/store/c/schiff-move-free-joint-health-glucosamine-chondroitin-plus-msm-%26-vitamin-d3-tablets/ID=prod3855572-product
875400,Advanced 4 in 1 2x Concentrated Omega 500 mg Softgels,$45.99,https://www.walgreens.com/store/c/schiff-megared-advanced-4in1-2x-concentrated-omega-500-mg-softgels/ID=prod6377555-product
955719,Duration Male Genital Desensitizer Spray 36 Sprays,$33.99,https://www.walgreens.com/store/c/k-y-duration-male-genital-desensitizer-spray-36-sprays/ID=prod6335451-product
209828,Jelly Personal Water Based Lubricant,$8.49,https://www.walgreens.com/store/c/k-y-jelly/ID=prod6275897-product
584787,Glucosamine 1500mg Plus MSM Joint Care Cotaed Tablets,$19.99,https://www.walgreens.com/store/c/schiff-glucosamine-1500mg-%2b-msm-1500mg-coated-tablets/ID=prod2402377-product
Unavailable,Unavailable,Unavailable,https://www.walgreens.com/store/c/mucinex-maximum-strength-12-hour-chest-congestion-expectorant-tablets/ID=prod3498213-product?skuId=sku6082136
653249,Rapid Rescue Spot Treatment Cream with Benzoyl Peroxide for Acne Relief,$11.99,https://www.walgreens.com/store/c/clearasil-rapid-rescue-spot-treatment-cream-with-benzoyl-peroxide-for-acne-relief/ID=prod733696-product
117954,Brain Performance & Support Original Capsules,$34.99,https://www.walgreens.com/store/c/neuriva-brain-performance-original-capsules/ID=prod6399013-product
117989,Brain Performance & Support Plus Capsules,$49.99,https://www.walgreens.com/store/c/neuriva-brain-performance-plus-capsules/ID=prod6399037-product
621785,Glucosamine With Vitamin D3 And Hyaluronic Acid,$19.99,https://www.walgreens.com/store/c/schiff-glucosamine-with-vitamin-d3-and-hyaluronic-acid/ID=prod6109121-product
208497,UltraGel Premium Water-Based Personal Lubricant,$14.99,https://www.walgreens.com/store/c/k-y-ultragel-personal-lubricant-liquid-gel/ID=prod2474180-product
205216,Liquid Personal Water Based Lubricant,$12.99,https://www.walgreens.com/store/c/k-y-liquid-personal-lubricant/ID=prod359769-product
387828,Yours + Mine Couples Personal Lubricants (Actual Item May Vary),$26.99,https://www.walgreens.com/store/c/k-y-yours%2bmine-couples-lubricants/ID=prod4021816-product
944909,"Gummies, Vitamin C, Minerals & Herbs Immune Support Zesty Orange",$25.99,"https://www.walgreens.com/store/c/airborne-gummies-with-vitamin-c,-minerals-%26-herbs-immune-support-zesty-orange-zesty-orange/ID=prod6332093-product"
828356,Omega-3 Krill Oil Extra Strength 500mg,$29.99,https://www.walgreens.com/store/c/megared-omega-3-krill-oil-extra-strength-500mg/ID=prod6090936-product
545199,Brain Performance & Support Plus Gummy Strawberry,$49.99,https://www.walgreens.com/store/c/neuriva-brain-performance-%26-support-plus-gummy-strawberry/ID=300401574-product
944911,"Vitamin C, E, Zinc, Minerals & Herbs Immune Support Supplement Gummies Assorted Fruit",$25.99,"https://www.walgreens.com/store/c/airborne-vitamin-c,-e,-zinc,-minerals-%26-herbs-immune-support-supplement-gummies-assorted-fruit/ID=300402134-product"
358528,"Immune Support Gummies with Vitamin C, E, Zinc, Echinacea and Ginger Very Berry",$9.99,"https://www.walgreens.com/store/c/airborne-immune-support-gummies-with-vitamin-c,-e,-zinc,-echinacea-and-ginger-very-berry/ID=prod6244434-product"
919974,"Vitamin C, E, Zinc, Minerals & Herbs Immune Support Supplement Gummies Orange",$16.99,"https://www.walgreens.com/store/c/airborne-vitamin-c,-e,-zinc,-minerals-%26-herbs-immune-support-supplement-gummies-orange/ID=300400364-product"
640955,With Iron Multivitamin Supplement Drops,$14.99,https://www.walgreens.com/store/c/enfamil-poly-vi-sol-with-iron-multivitamin-supplement-drops/ID=prod3490-product
454551,Tropical Flavors Flavored Premium Condoms,$15.99,https://www.walgreens.com/store/c/durex-tropical-flavors-flavored-premium-condoms/ID=prod6051999-product
944901,"Immune Support Effervescent Minerals & Herbs with Vitamin C, E, Zinc Citrus",$24.99,"https://www.walgreens.com/store/c/airborne-immune-support-effervescent-minerals-%26-herbs-with-vitamin-c,-e,-zinc-citrus/ID=300405068-product"
499034,Vitamin D Supplement Drops for Infants,$14.99,"https://www.walgreens.com/store/c/enfamil-vitamin-d-supplement-drops-for-infants,-supports-strong-bone-health/ID=prod6000611-product"
610329,Prosobee Soy-Based Infant Formula for Sensitive Tummies,$24.99,https://www.walgreens.com/store/c/enfamil-prosobee-soy-based-infant-formula-for-sensitive-tummies/ID=prod398419-product
250666,Hypoallergenic & Lactose Free Formula with Enflora LGG - Powder Can,$59.99,https://www.walgreens.com/store/c/enfamil-nutramigen-hypoallergenic-&-lactose-free-formula-with-enflora-lgg---powder-can/ID=prod6159385-product
609868,A.R. Infant Formula Powder,$23.99,https://www.walgreens.com/store/c/enfamil-a.r.-infant-formula-powder/ID=prod6033688-product
219439,Sinus-Max Severe Congestion Relief Caplets,$21.99,https://www.walgreens.com/store/c/mucinex-sinus-max-severe-congestion-relief-caplets/ID=prod6174910-product
499495,Infant Formula Hypoallergenic & Lactose Free with Enflora LGG Powder Can,$39.99,https://www.walgreens.com/store/c/enfamil-nutramigen-infant-formula-hypoallergenic-&-lactose-free-with-enflora-lgg-powder-can/ID=prod6001014-product
499499,Infant Formula Milk-Based with Iron Powder Makes 90 Ounces,$18.99,https://www.walgreens.com/store/c/enfamil-infant-formula-milk-based-with-iron-powder-makes-90-ounces/ID=prod6000967-product
994591,Gentlease Baby Formula All in One Infant Formula with Iron Powder Makes 151 Ounces,$37.99,https://www.walgreens.com/store/c/enfamil-gentlease-baby-formula-all-in-one-infant-formula-with-iron-powder-makes-151-ounces/ID=prod6365260-product
436329,Gentlease Infant Formula All in One with Iron Makes 90 Ounces,$20.99,https://www.walgreens.com/store/c/enfamil-gentlease-infant-formula-all-in-one-with-iron-makes-90-ounces/ID=prod6092445-product
435408,Extra Strength Sore Throat Relief Lozenges Honey Lemon,$5.99,https://www.walgreens.com/store/c/cepacol-extra-strength-sore-throat-relief-lozenges-honey-lemon/ID=prod6090986-product
891796,NeuroPro Infant Formula - Brain Building Nutrition Inspired by Breast Milk Reusable Powder Tub,$39.99,https://www.walgreens.com/store/c/enfamil-neuropro-infant-formula---brain-building-nutrition-inspired-by-breast-milk-reusable-powder-tub/ID=prod6374538-product
244967,ProSobee Soy-Based Infant Formula Lactose Free Powder,$43.99,https://www.walgreens.com/store/c/enfamil-prosobee-soy-based-infant-formula-lactose-free-powder/ID=prod388285-product
891947,NeuroPro Gentlease Infant Formula Reusable Powder Tub,$43.99,https://www.walgreens.com/store/c/enfamil-neuropro-gentlease-infant-formula-reusable-powder-tub/ID=prod6374558-product
759456,"Joint Health Advanced Glucosamine Chondroitin + FruiteX-B, Tablets",$29.99,"https://www.walgreens.com/store/c/schiff-move-free-joint-health-advanced-glucosamine-chondroitin---fruitex-b,-tablets/ID=prod1993553-product"
994590,Infant Formula - Milk-Based with Iron & DHA Makes 151 Ounces,$34.99,https://www.walgreens.com/store/c/enfamil-infant-formula---milk-based-with-iron-&-dha-makes-151-ounces/ID=prod6365276-product
344661,Reguline Infant Formula Makes 147 Ounces,$43.99,https://www.walgreens.com/store/c/enfamil-reguline-infant-formula-makes-147-ounces/ID=prod6231514-product
435410,"Powerful, Instant Acting Sore Throat Relief Lozenges Cherry",$5.99,"https://www.walgreens.com/store/c/cepacol-powerful,-instant-acting-sore-throat-relief-lozenges-cherry/ID=prod6090985-product"
691276,"Immune Support Effervescent Minerals & Herbs with Vitamin C, E, Zinc Zesty Orange (Actual Item May Vary)",$9.99,"https://www.walgreens.com/store/c/airborne-immune-support-effervescent-minerals-&-herbs-with-vitamin-c,-e,-zinc-zesty-orange/ID=300395770-product?skuId=sku319502"
283659,"Gummies with Vitamin C, Minerals & Herbs Immune Support Assorted Fruit",$16.99,"https://www.walgreens.com/store/c/airborne-gummies-with-vitamin-c,-minerals-&-herbs-immune-support-assorted-fruit/ID=prod6187540-product"
948001,Enspire Infant Formula with MFGM & Lactoferrin Reusable Powder Tub,$52.99,https://www.walgreens.com/store/c/enfamil-enspire-infant-formula-with-mfgm-&-lactoferrin-reusable-powder-tub/ID=prod6334784-product
468097,A.R. Infant Formula Makes 152 Ounces,$43.99,https://www.walgreens.com/store/c/enfamil-a.r.-infant-formula-makes-152-ounces/ID=prod6030731-product
951223,12 Hour Chest Congestion Expectorant Tablets Loosens Mucus,$37.99,https://www.walgreens.com/store/c/mucinex-12-hour-chest-congestion-expectorant-tablets-loosens-mucus/ID=300399841-product
206600,"Immune Support Supplement, Effervescent Tablets Verry Berry",$9.99,"https://www.walgreens.com/store/c/airborne-immune-support-supplement,-effervescent-tablets-verry-berry/ID=prod6000670-product"
794228,Overnight Spot Patches Advanced Healing for Acne Control,$12.49,https://www.walgreens.com/store/c/clearasil-ultra-overnight-spot-patches-advanced-healing-for-acne-control/ID=300409427-product
216853,Probiotic Gummy for Adults Fruit,$17.99,https://www.walgreens.com/store/c/digestive-advantage-probiotic-gummy-for-adults-fruit/ID=prod6118218-product
982447,Advanced 4in1 500mg Omega-3 Fish + Krill Oil Supplement Softgel,$38.99,https://www.walgreens.com/store/c/megared-advanced-4in1-500mg-omega-3-fish---krill-oil-supplement-softgel/ID=prod6358116-product
234331,"Immune Support Effervescent Minerals & Herbs with Vitamin C, E, Zinc Zesty Orange",$25.99,"https://www.walgreens.com/store/c/airborne-immune-support-effervescent-minerals-&-herbs-with-vitamin-c,-e,-zinc-zesty-orange/ID=300395770-product?skuId=sku6132145"
545194,Original Brain Performance Gummies Strawberry,$34.99,https://www.walgreens.com/store/c/neuriva-original-brain-performance-gummies-strawberry/ID=300401573-product
993895,"Immune Support Chewable Tablets Minerals & Herbs with Vitamin C, E, Zinc Very Berry",$9.99,"https://www.walgreens.com/store/c/airborne-immune-support-chewable-tablets-minerals-&-herbs-with-vitamin-c,-e,-zinc-very-berry/ID=300403383-product"
912787,Chewables Citrus,$17.99,https://www.walgreens.com/store/c/airborne-chewables-citrus/ID=prod6290744-product
686050,Effervescent Tablets Elderberry,$17.99,https://www.walgreens.com/store/c/airborne-effervescent-tablets-elderberry/ID=300407956-product
387824,Warming Liquid Personal Lubricant,$7.99,https://www.walgreens.com/store/c/k-y-warming-liquid-personal-lubricant/ID=prod2303814-product
782422,"Vitamin C, E, Zinc, Minerals & Herbs Immune Support Supplement Gummies Very Berry",$15.99,"https://www.walgreens.com/store/c/airborne-vitamin-c,-e,-zinc,-minerals-&-herbs-immune-support-supplement-gummies-very-berry/ID=300400356-product"
374808,Acne Control Treatment Facial Cleansing Daily Pads 5 in1 with Salicylic Acid,$9.99,https://www.walgreens.com/store/c/clearasil-ultra-acne-control-treatment-facial-cleansing-daily-pads-5-in1-with-salicylic-acid/ID=prod6260239-product
231988,Massage & Play 2 in 1 Lubricant & Massage Gel Aloe Vera,$11.99,https://www.walgreens.com/store/c/durex-massage-&-play-2-in-1-lubricant-&-massage-gel-aloe-vera/ID=prod6128453-product
667996,"Extra Sensitive Natural Latex Condoms, Ultra Fine & Extra Lubricated",$6.79,"https://www.walgreens.com/store/c/durex-extra-sensitive-natural-latex-condoms,-ultra-fine-&-extra-lubricated/ID=prod6052001-product?skuId=sku304948"
944904,"Effervescent Tablets, Vitamin C - Immune Support Supplement Zesty Orange",$17.99,"https://www.walgreens.com/store/c/airborne-effervescent-tablets,-vitamin-c---immune-support-supplement-zesty-orange/ID=300403575-product"
946154,Intense Pleasure Gel Lubricant,$32.99,https://www.walgreens.com/store/c/k-y-intense-pleasure-gel-lubricant/ID=prod6333811-product
918050,Liquibeads Vaginal Moisturizer,$20.99,https://www.walgreens.com/store/c/k-y-liquibeads-vaginal-moisturizer/ID=prod6296205-product
557103,Maximum Strength 12 Hour Chest Congestion Relief Tablets,$34.99,https://www.walgreens.com/store/c/mucinex-maximum-strength-12-hour-chest-congestion-relief-tablets/ID=300409460-product
447974,"Prosobee Soy-Based Infant Formula, Ready to Use",$12.99,"https://www.walgreens.com/store/c/enfamil-prosobee-soy-based-infant-formula,-ready-to-use/ID=300406992-product"
190640,Sensitive Baby Formula,$43.99,https://www.walgreens.com/store/c/enfamil-sensitive-baby-formula/ID=300396002-product
557110,"Maximum Strength 12 Hour Extended-Release Bi-Layer Tablets, 1200 mg",$16.49,"https://www.walgreens.com/store/c/mucinex-maximum-strength-12-hour-extended-release-bi-layer-tablets,-1200-mg/ID=300404476-product"
